{"tray_cells:VB050000434:20260301": {"filename": "9e2990c5f7b8d58f2a60146520758c25.pkl", "created_at": 1772354500.4602509, "size": 32745}, "tray_cells:VB050000225:20260301": {"filename": "b56e5ba45d8f83cc191b8e6905aa7418.pkl", "created_at": 1772354501.9601765, "size": 16345}, "tray_cells:VB050000855:20260301": {"filename": "9d4853341d485490988190230ea2aa68.pkl", "created_at": 1772354502.776342, "size": 16345}, "tray_cells:VB050000853:20260301": {"filename": "c9de98d835cab47f1105cf3847db6577.pkl", "created_at": 1772354506.6623924, "size": 16345}, "tray_cells:VB050000547:20260301": {"filename": "d0f3036b3773c43b150fa7493a7f6a07.pkl", "created_at": 1772354507.4612947, "size": 16345}, "tray_cells:VB050000564:20260301": {"filename": "a378a568b4208dd1f4ab3dc2361ce21f.pkl", "created_at": 1772354520.546489, "size": 16345}, "tray_cells:VB050000565:20260301": {"filename": "8ecd9e01f0964ed6e2ba8c9c050c4026.pkl", "created_at": 1772354521.2920127, "size": 16345}, "tray_cells:VB050000851:20260301": {"filename": "9a7c94340ad980e7eb07dad838d870b0.pkl", "created_at": 1772354521.9606106, "size": 16365}, "tray_cells:VB050000852:20260301": {"filename": "a63e62b398011eb9a825f3d703288961.pkl", "created_at": 1772354522.7809916, "size": 16345}, "tray_cells:VB040006291:20260301": {"filename": "394f4e03eeb5a1e745f78491b31fd4ff.pkl", "created_at": 1772354523.4445338, "size": 16345}, "tray_cells:VB040001588:20260301": {"filename": "ce305c6e0d8267135e2e063bf228e461.pkl", "created_at": 1772354524.0929506, "size": 16345}, "tray_cells:VB050000221:20260301": {"filename": "5e81099aae37a4c1c35b944e7ea529ee.pkl", "created_at": 1772355493.9293365, "size": 32745}}